--------------------------------------------------------
--  File created - Friday-August-03-2018   
--------------------------------------------------------
--------------------------------------------------------
--  DDL for Table ADMIN_ACCOUNTS
--------------------------------------------------------

create user hotel_reservation identified by abcde12345;
grant connect, resource, create view to hotel_reservation;


  CREATE TABLE "HOTEL_RESERVATION"."ADMIN_ACCOUNTS" 
   (	"EMAIL" VARCHAR2(50 BYTE), 
	"PASSWORD" VARCHAR2(20 BYTE), 
	"FIRSTNAME" VARCHAR2(30 BYTE), 
	"LASTNAME" VARCHAR2(30 BYTE)
   ) SEGMENT CREATION IMMEDIATE 
  PCTFREE 10 PCTUSED 40 INITRANS 1 MAXTRANS 255 NOCOMPRESS LOGGING
  STORAGE(INITIAL 65536 NEXT 1048576 MINEXTENTS 1 MAXEXTENTS 2147483645
  PCTINCREASE 0 FREELISTS 1 FREELIST GROUPS 1 BUFFER_POOL DEFAULT FLASH_CACHE DEFAULT CELL_FLASH_CACHE DEFAULT)
  TABLESPACE "SYSTEM" ;
--------------------------------------------------------
--  DDL for Table CURRENT_RESERVATIONS
--------------------------------------------------------

  CREATE TABLE "HOTEL_RESERVATION"."CURRENT_RESERVATIONS" 
   (	"RESERVATION_ID" NUMBER, 
	"CUSTOMER_FIRSTNAME" VARCHAR2(30 BYTE), 
	"CUSTOMER_LASTNAME" VARCHAR2(30 BYTE), 
	"ROOM_TYPE_ID" NUMBER(*,0), 
	"CHECK_IN_DATE" DATE, 
	"NUMBER_OF_NIGHTS" NUMBER(*,0), 
	"STATUS_ID" NUMBER(*,0), 
	"ROOM_NUMBER" NUMBER(*,0)
   ) SEGMENT CREATION IMMEDIATE 
  PCTFREE 10 PCTUSED 40 INITRANS 1 MAXTRANS 255 NOCOMPRESS LOGGING
  STORAGE(INITIAL 65536 NEXT 1048576 MINEXTENTS 1 MAXEXTENTS 2147483645
  PCTINCREASE 0 FREELISTS 1 FREELIST GROUPS 1 BUFFER_POOL DEFAULT FLASH_CACHE DEFAULT CELL_FLASH_CACHE DEFAULT)
  TABLESPACE "SYSTEM" ;
--------------------------------------------------------
--  DDL for Table RESERVATIONS_HISTORY
--------------------------------------------------------

  CREATE TABLE "HOTEL_RESERVATION"."RESERVATIONS_HISTORY" 
   (	"RESERVATION_ID" NUMBER, 
	"CUSTOMER_FIRSTNAME" VARCHAR2(30 BYTE), 
	"CUSTORMER_LASTNAME" VARCHAR2(30 BYTE), 
	"ROOM_TYPE_ID" NUMBER(*,0), 
	"CHECK_IN_DATE" DATE, 
	"NUMBER_OF_NIGHTS" NUMBER(*,0), 
	"STATUS_ID" NUMBER(*,0), 
	"ROOM_NUMBER" NUMBER(*,0)
   ) SEGMENT CREATION IMMEDIATE 
  PCTFREE 10 PCTUSED 40 INITRANS 1 MAXTRANS 255 NOCOMPRESS LOGGING
  STORAGE(INITIAL 65536 NEXT 1048576 MINEXTENTS 1 MAXEXTENTS 2147483645
  PCTINCREASE 0 FREELISTS 1 FREELIST GROUPS 1 BUFFER_POOL DEFAULT FLASH_CACHE DEFAULT CELL_FLASH_CACHE DEFAULT)
  TABLESPACE "SYSTEM" ;
--------------------------------------------------------
--  DDL for Table RESERVATION_STATUS
--------------------------------------------------------

  CREATE TABLE "HOTEL_RESERVATION"."RESERVATION_STATUS" 
   (	"STATUS_ID" NUMBER(*,0), 
	"STATUS" VARCHAR2(30 BYTE)
   ) SEGMENT CREATION IMMEDIATE 
  PCTFREE 10 PCTUSED 40 INITRANS 1 MAXTRANS 255 NOCOMPRESS LOGGING
  STORAGE(INITIAL 65536 NEXT 1048576 MINEXTENTS 1 MAXEXTENTS 2147483645
  PCTINCREASE 0 FREELISTS 1 FREELIST GROUPS 1 BUFFER_POOL DEFAULT FLASH_CACHE DEFAULT CELL_FLASH_CACHE DEFAULT)
  TABLESPACE "SYSTEM" ;
--------------------------------------------------------
--  DDL for Table ROOMS
--------------------------------------------------------

  CREATE TABLE "HOTEL_RESERVATION"."ROOMS" 
   (	"ROOM_NUMBER" NUMBER(*,0), 
	"ROOM_TYPE_ID" NUMBER(*,0), 
	"OCCUPIED" NUMBER(*,0)
   ) SEGMENT CREATION IMMEDIATE 
  PCTFREE 10 PCTUSED 40 INITRANS 1 MAXTRANS 255 NOCOMPRESS LOGGING
  STORAGE(INITIAL 65536 NEXT 1048576 MINEXTENTS 1 MAXEXTENTS 2147483645
  PCTINCREASE 0 FREELISTS 1 FREELIST GROUPS 1 BUFFER_POOL DEFAULT FLASH_CACHE DEFAULT CELL_FLASH_CACHE DEFAULT)
  TABLESPACE "SYSTEM" ;
--------------------------------------------------------
--  DDL for Table ROOM_TYPES
--------------------------------------------------------

  CREATE TABLE "HOTEL_RESERVATION"."ROOM_TYPES" 
   (	"TYPE_ID" NUMBER(*,0), 
	"ROOM_TYPE" VARCHAR2(30 BYTE), 
	"LIMITS" VARCHAR2(30 BYTE), 
	"RATE" NUMBER(*,0), 
	"TOTAL_ROOMS" NUMBER(*,0)
   ) SEGMENT CREATION IMMEDIATE 
  PCTFREE 10 PCTUSED 40 INITRANS 1 MAXTRANS 255 NOCOMPRESS LOGGING
  STORAGE(INITIAL 65536 NEXT 1048576 MINEXTENTS 1 MAXEXTENTS 2147483645
  PCTINCREASE 0 FREELISTS 1 FREELIST GROUPS 1 BUFFER_POOL DEFAULT FLASH_CACHE DEFAULT CELL_FLASH_CACHE DEFAULT)
  TABLESPACE "SYSTEM" ;
--------------------------------------------------------
--  DDL for Table TRANSACTION_HISTORY
--------------------------------------------------------

  CREATE TABLE "HOTEL_RESERVATION"."TRANSACTION_HISTORY" 
   (	"TRANSACTION_ID" NUMBER, 
	"RESERVATION_ID" NUMBER, 
	"TOTAL_AMOUNT" NUMBER(*,0), 
	"CARD_TYPE" VARCHAR2(30 BYTE), 
	"FOUR_DIGIT_ENDING" NUMBER(*,0), 
	"NAME_ON_CARD" VARCHAR2(60 BYTE), 
	"TIME_STAMP" TIMESTAMP (6)
   ) SEGMENT CREATION IMMEDIATE 
  PCTFREE 10 PCTUSED 40 INITRANS 1 MAXTRANS 255 NOCOMPRESS LOGGING
  STORAGE(INITIAL 65536 NEXT 1048576 MINEXTENTS 1 MAXEXTENTS 2147483645
  PCTINCREASE 0 FREELISTS 1 FREELIST GROUPS 1 BUFFER_POOL DEFAULT FLASH_CACHE DEFAULT CELL_FLASH_CACHE DEFAULT)
  TABLESPACE "SYSTEM" ;
--------------------------------------------------------
--  DDL for Table USER_ACCOUNTS
--------------------------------------------------------

  CREATE TABLE "HOTEL_RESERVATION"."USER_ACCOUNTS" 
   (	"EMAIL" VARCHAR2(50 BYTE), 
	"PASSWORD" VARCHAR2(20 BYTE), 
	"FIRSTNAME" VARCHAR2(30 BYTE), 
	"LASTNAME" VARCHAR2(30 BYTE)
   ) SEGMENT CREATION IMMEDIATE 
  PCTFREE 10 PCTUSED 40 INITRANS 1 MAXTRANS 255 NOCOMPRESS LOGGING
  STORAGE(INITIAL 65536 NEXT 1048576 MINEXTENTS 1 MAXEXTENTS 2147483645
  PCTINCREASE 0 FREELISTS 1 FREELIST GROUPS 1 BUFFER_POOL DEFAULT FLASH_CACHE DEFAULT CELL_FLASH_CACHE DEFAULT)
  TABLESPACE "SYSTEM" ;
REM INSERTING into HOTEL_RESERVATION.ADMIN_ACCOUNTS
SET DEFINE OFF;
Insert into HOTEL_RESERVATION.ADMIN_ACCOUNTS (EMAIL,PASSWORD,FIRSTNAME,LASTNAME) values ('szsyhy@gmail.com','abcd1234','Ryan','Huang');
REM INSERTING into HOTEL_RESERVATION.CURRENT_RESERVATIONS
SET DEFINE OFF;
REM INSERTING into HOTEL_RESERVATION.RESERVATIONS_HISTORY
SET DEFINE OFF;
REM INSERTING into HOTEL_RESERVATION.RESERVATION_STATUS
SET DEFINE OFF;
Insert into HOTEL_RESERVATION.RESERVATION_STATUS (STATUS_ID,STATUS) values (1,'reserved');
Insert into HOTEL_RESERVATION.RESERVATION_STATUS (STATUS_ID,STATUS) values (2,'checked in');
Insert into HOTEL_RESERVATION.RESERVATION_STATUS (STATUS_ID,STATUS) values (3,'over stayed');
Insert into HOTEL_RESERVATION.RESERVATION_STATUS (STATUS_ID,STATUS) values (4,'checked out');
Insert into HOTEL_RESERVATION.RESERVATION_STATUS (STATUS_ID,STATUS) values (5,'expired');
REM INSERTING into HOTEL_RESERVATION.ROOMS
SET DEFINE OFF;
Insert into HOTEL_RESERVATION.ROOMS (ROOM_NUMBER,ROOM_TYPE_ID,OCCUPIED) values (100,1,0);
Insert into HOTEL_RESERVATION.ROOMS (ROOM_NUMBER,ROOM_TYPE_ID,OCCUPIED) values (101,2,0);
Insert into HOTEL_RESERVATION.ROOMS (ROOM_NUMBER,ROOM_TYPE_ID,OCCUPIED) values (102,3,0);
Insert into HOTEL_RESERVATION.ROOMS (ROOM_NUMBER,ROOM_TYPE_ID,OCCUPIED) values (103,4,0);
Insert into HOTEL_RESERVATION.ROOMS (ROOM_NUMBER,ROOM_TYPE_ID,OCCUPIED) values (104,1,0);
Insert into HOTEL_RESERVATION.ROOMS (ROOM_NUMBER,ROOM_TYPE_ID,OCCUPIED) values (105,2,0);
Insert into HOTEL_RESERVATION.ROOMS (ROOM_NUMBER,ROOM_TYPE_ID,OCCUPIED) values (106,3,0);
Insert into HOTEL_RESERVATION.ROOMS (ROOM_NUMBER,ROOM_TYPE_ID,OCCUPIED) values (107,4,0);
Insert into HOTEL_RESERVATION.ROOMS (ROOM_NUMBER,ROOM_TYPE_ID,OCCUPIED) values (108,5,0);
Insert into HOTEL_RESERVATION.ROOMS (ROOM_NUMBER,ROOM_TYPE_ID,OCCUPIED) values (109,6,0);
Insert into HOTEL_RESERVATION.ROOMS (ROOM_NUMBER,ROOM_TYPE_ID,OCCUPIED) values (200,1,0);
Insert into HOTEL_RESERVATION.ROOMS (ROOM_NUMBER,ROOM_TYPE_ID,OCCUPIED) values (201,2,0);
Insert into HOTEL_RESERVATION.ROOMS (ROOM_NUMBER,ROOM_TYPE_ID,OCCUPIED) values (202,3,0);
Insert into HOTEL_RESERVATION.ROOMS (ROOM_NUMBER,ROOM_TYPE_ID,OCCUPIED) values (203,4,0);
Insert into HOTEL_RESERVATION.ROOMS (ROOM_NUMBER,ROOM_TYPE_ID,OCCUPIED) values (204,1,0);
Insert into HOTEL_RESERVATION.ROOMS (ROOM_NUMBER,ROOM_TYPE_ID,OCCUPIED) values (205,2,0);
Insert into HOTEL_RESERVATION.ROOMS (ROOM_NUMBER,ROOM_TYPE_ID,OCCUPIED) values (206,3,0);
Insert into HOTEL_RESERVATION.ROOMS (ROOM_NUMBER,ROOM_TYPE_ID,OCCUPIED) values (207,4,0);
Insert into HOTEL_RESERVATION.ROOMS (ROOM_NUMBER,ROOM_TYPE_ID,OCCUPIED) values (208,5,0);
Insert into HOTEL_RESERVATION.ROOMS (ROOM_NUMBER,ROOM_TYPE_ID,OCCUPIED) values (209,6,0);
Insert into HOTEL_RESERVATION.ROOMS (ROOM_NUMBER,ROOM_TYPE_ID,OCCUPIED) values (300,1,0);
Insert into HOTEL_RESERVATION.ROOMS (ROOM_NUMBER,ROOM_TYPE_ID,OCCUPIED) values (301,2,0);
Insert into HOTEL_RESERVATION.ROOMS (ROOM_NUMBER,ROOM_TYPE_ID,OCCUPIED) values (302,3,0);
Insert into HOTEL_RESERVATION.ROOMS (ROOM_NUMBER,ROOM_TYPE_ID,OCCUPIED) values (303,4,0);
Insert into HOTEL_RESERVATION.ROOMS (ROOM_NUMBER,ROOM_TYPE_ID,OCCUPIED) values (304,1,0);
Insert into HOTEL_RESERVATION.ROOMS (ROOM_NUMBER,ROOM_TYPE_ID,OCCUPIED) values (305,2,0);
Insert into HOTEL_RESERVATION.ROOMS (ROOM_NUMBER,ROOM_TYPE_ID,OCCUPIED) values (306,3,0);
Insert into HOTEL_RESERVATION.ROOMS (ROOM_NUMBER,ROOM_TYPE_ID,OCCUPIED) values (307,4,0);
Insert into HOTEL_RESERVATION.ROOMS (ROOM_NUMBER,ROOM_TYPE_ID,OCCUPIED) values (308,5,0);
Insert into HOTEL_RESERVATION.ROOMS (ROOM_NUMBER,ROOM_TYPE_ID,OCCUPIED) values (309,6,0);
Insert into HOTEL_RESERVATION.ROOMS (ROOM_NUMBER,ROOM_TYPE_ID,OCCUPIED) values (400,1,0);
Insert into HOTEL_RESERVATION.ROOMS (ROOM_NUMBER,ROOM_TYPE_ID,OCCUPIED) values (401,2,0);
Insert into HOTEL_RESERVATION.ROOMS (ROOM_NUMBER,ROOM_TYPE_ID,OCCUPIED) values (402,3,0);
Insert into HOTEL_RESERVATION.ROOMS (ROOM_NUMBER,ROOM_TYPE_ID,OCCUPIED) values (403,4,0);
Insert into HOTEL_RESERVATION.ROOMS (ROOM_NUMBER,ROOM_TYPE_ID,OCCUPIED) values (404,1,0);
Insert into HOTEL_RESERVATION.ROOMS (ROOM_NUMBER,ROOM_TYPE_ID,OCCUPIED) values (405,2,0);
Insert into HOTEL_RESERVATION.ROOMS (ROOM_NUMBER,ROOM_TYPE_ID,OCCUPIED) values (406,3,0);
Insert into HOTEL_RESERVATION.ROOMS (ROOM_NUMBER,ROOM_TYPE_ID,OCCUPIED) values (407,4,0);
Insert into HOTEL_RESERVATION.ROOMS (ROOM_NUMBER,ROOM_TYPE_ID,OCCUPIED) values (408,5,0);
Insert into HOTEL_RESERVATION.ROOMS (ROOM_NUMBER,ROOM_TYPE_ID,OCCUPIED) values (409,6,0);
Insert into HOTEL_RESERVATION.ROOMS (ROOM_NUMBER,ROOM_TYPE_ID,OCCUPIED) values (500,1,0);
Insert into HOTEL_RESERVATION.ROOMS (ROOM_NUMBER,ROOM_TYPE_ID,OCCUPIED) values (501,2,0);
Insert into HOTEL_RESERVATION.ROOMS (ROOM_NUMBER,ROOM_TYPE_ID,OCCUPIED) values (502,3,0);
Insert into HOTEL_RESERVATION.ROOMS (ROOM_NUMBER,ROOM_TYPE_ID,OCCUPIED) values (503,4,0);
Insert into HOTEL_RESERVATION.ROOMS (ROOM_NUMBER,ROOM_TYPE_ID,OCCUPIED) values (504,5,0);
Insert into HOTEL_RESERVATION.ROOMS (ROOM_NUMBER,ROOM_TYPE_ID,OCCUPIED) values (505,6,0);
Insert into HOTEL_RESERVATION.ROOMS (ROOM_NUMBER,ROOM_TYPE_ID,OCCUPIED) values (506,7,0);
Insert into HOTEL_RESERVATION.ROOMS (ROOM_NUMBER,ROOM_TYPE_ID,OCCUPIED) values (507,8,0);
Insert into HOTEL_RESERVATION.ROOMS (ROOM_NUMBER,ROOM_TYPE_ID,OCCUPIED) values (508,7,0);
Insert into HOTEL_RESERVATION.ROOMS (ROOM_NUMBER,ROOM_TYPE_ID,OCCUPIED) values (509,8,0);
REM INSERTING into HOTEL_RESERVATION.ROOM_TYPES
SET DEFINE OFF;
Insert into HOTEL_RESERVATION.ROOM_TYPES (TYPE_ID,ROOM_TYPE,LIMITS,RATE,TOTAL_ROOMS) values (1,'double beds','non-smoking',90,20);
Insert into HOTEL_RESERVATION.ROOM_TYPES (TYPE_ID,ROOM_TYPE,LIMITS,RATE,TOTAL_ROOMS) values (2,'double beds','smoking',90,20);
Insert into HOTEL_RESERVATION.ROOM_TYPES (TYPE_ID,ROOM_TYPE,LIMITS,RATE,TOTAL_ROOMS) values (3,'king','non-smoking',90,20);
Insert into HOTEL_RESERVATION.ROOM_TYPES (TYPE_ID,ROOM_TYPE,LIMITS,RATE,TOTAL_ROOMS) values (4,'king','smoking',90,20);
Insert into HOTEL_RESERVATION.ROOM_TYPES (TYPE_ID,ROOM_TYPE,LIMITS,RATE,TOTAL_ROOMS) values (5,'suite','non-smoking',200,20);
Insert into HOTEL_RESERVATION.ROOM_TYPES (TYPE_ID,ROOM_TYPE,LIMITS,RATE,TOTAL_ROOMS) values (6,'suite','smoking',200,20);
Insert into HOTEL_RESERVATION.ROOM_TYPES (TYPE_ID,ROOM_TYPE,LIMITS,RATE,TOTAL_ROOMS) values (7,'presidential suite','non-smoking',300,20);
Insert into HOTEL_RESERVATION.ROOM_TYPES (TYPE_ID,ROOM_TYPE,LIMITS,RATE,TOTAL_ROOMS) values (8,'presidential suite','smoking',300,20);
REM INSERTING into HOTEL_RESERVATION.TRANSACTION_HISTORY
SET DEFINE OFF;
REM INSERTING into HOTEL_RESERVATION.USER_ACCOUNTS
SET DEFINE OFF;
Insert into HOTEL_RESERVATION.USER_ACCOUNTS (EMAIL,PASSWORD,FIRSTNAME,LASTNAME) values ('ryanhuan@gmail.com','abcde12345','Ron','Hyjal');
Insert into HOTEL_RESERVATION.USER_ACCOUNTS (EMAIL,PASSWORD,FIRSTNAME,LASTNAME) values ('szsyhy@gmail.com','abcd1234','Ryan','Huang');
Insert into HOTEL_RESERVATION.USER_ACCOUNTS (EMAIL,PASSWORD,FIRSTNAME,LASTNAME) values ('ryanhuang@gmail.com','abcde12345','Ron','Bung');
--------------------------------------------------------
--  Constraints for Table RESERVATIONS_HISTORY
--------------------------------------------------------

  ALTER TABLE "HOTEL_RESERVATION"."RESERVATIONS_HISTORY" ADD PRIMARY KEY ("RESERVATION_ID")
  USING INDEX PCTFREE 10 INITRANS 2 MAXTRANS 255 COMPUTE STATISTICS 
  STORAGE(INITIAL 65536 NEXT 1048576 MINEXTENTS 1 MAXEXTENTS 2147483645
  PCTINCREASE 0 FREELISTS 1 FREELIST GROUPS 1 BUFFER_POOL DEFAULT FLASH_CACHE DEFAULT CELL_FLASH_CACHE DEFAULT)
  TABLESPACE "SYSTEM"  ENABLE;
--------------------------------------------------------
--  Constraints for Table ROOMS
--------------------------------------------------------

  ALTER TABLE "HOTEL_RESERVATION"."ROOMS" ADD PRIMARY KEY ("ROOM_NUMBER")
  USING INDEX PCTFREE 10 INITRANS 2 MAXTRANS 255 COMPUTE STATISTICS 
  STORAGE(INITIAL 65536 NEXT 1048576 MINEXTENTS 1 MAXEXTENTS 2147483645
  PCTINCREASE 0 FREELISTS 1 FREELIST GROUPS 1 BUFFER_POOL DEFAULT FLASH_CACHE DEFAULT CELL_FLASH_CACHE DEFAULT)
  TABLESPACE "SYSTEM"  ENABLE;
--------------------------------------------------------
--  Constraints for Table CURRENT_RESERVATIONS
--------------------------------------------------------

  ALTER TABLE "HOTEL_RESERVATION"."CURRENT_RESERVATIONS" ADD PRIMARY KEY ("RESERVATION_ID")
  USING INDEX PCTFREE 10 INITRANS 2 MAXTRANS 255 COMPUTE STATISTICS 
  STORAGE(INITIAL 65536 NEXT 1048576 MINEXTENTS 1 MAXEXTENTS 2147483645
  PCTINCREASE 0 FREELISTS 1 FREELIST GROUPS 1 BUFFER_POOL DEFAULT FLASH_CACHE DEFAULT CELL_FLASH_CACHE DEFAULT)
  TABLESPACE "SYSTEM"  ENABLE;
--------------------------------------------------------
--  Constraints for Table RESERVATION_STATUS
--------------------------------------------------------

  ALTER TABLE "HOTEL_RESERVATION"."RESERVATION_STATUS" ADD PRIMARY KEY ("STATUS_ID")
  USING INDEX PCTFREE 10 INITRANS 2 MAXTRANS 255 COMPUTE STATISTICS 
  STORAGE(INITIAL 65536 NEXT 1048576 MINEXTENTS 1 MAXEXTENTS 2147483645
  PCTINCREASE 0 FREELISTS 1 FREELIST GROUPS 1 BUFFER_POOL DEFAULT FLASH_CACHE DEFAULT CELL_FLASH_CACHE DEFAULT)
  TABLESPACE "SYSTEM"  ENABLE;
--------------------------------------------------------
--  Constraints for Table TRANSACTION_HISTORY
--------------------------------------------------------

  ALTER TABLE "HOTEL_RESERVATION"."TRANSACTION_HISTORY" ADD PRIMARY KEY ("TRANSACTION_ID")
  USING INDEX PCTFREE 10 INITRANS 2 MAXTRANS 255 COMPUTE STATISTICS 
  STORAGE(INITIAL 65536 NEXT 1048576 MINEXTENTS 1 MAXEXTENTS 2147483645
  PCTINCREASE 0 FREELISTS 1 FREELIST GROUPS 1 BUFFER_POOL DEFAULT FLASH_CACHE DEFAULT CELL_FLASH_CACHE DEFAULT)
  TABLESPACE "SYSTEM"  ENABLE;
